source_path,source_sha256,bytes,read_complete,indexed,knowledge_extracted,source_cross_referenced,category,preservation_status,redacted,qa_status
00-PDPOne-Transfer-Package-README.md,a22c8c4711446e8782b3ebdeb1c2622c8b5e8472e94afd457a4e6aab79510d58,3595,complete,yes,yes,yes,root,Read/Audited + knowledge extracted/linked; original remains in verified Transfer v10 package,no,PASS
01-PDPOne-Executive-Summary.md,03913a76957cb064107e6fc46c96fc05f7a095370428b6a629de59e0f8a2c515,2978,complete,yes,yes,yes,root,Read/Audited + knowledge extracted/linked; original remains in verified Transfer v10 package,no,PASS
03-PDPOne-Decision-Log.md,af5abf8bc3e7bc416488fce4cdfe1a78521fd6f7581ea38ba50e736d612532c9,3079,complete,yes,yes,yes,root,Read/Audited + knowledge extracted/linked; original remains in verified Transfer v10 package,no,PASS
04-PDPOne-Implementation-History.md,d908bc95340e553fbb850638139c38e25307420689c0c2a916c66778bf3c1070,2542,complete,yes,yes,yes,root,Read/Audited + knowledge extracted/linked; original remains in verified Transfer v10 package,no,PASS
05-PDPOne-Current-Technical-State.md,67025dffc8a928056b3f415a9077c646038103afe9bc5d972603d16e9005f09d,2254,complete,yes,yes,yes,root,Read/Audited + knowledge extracted/linked; original remains in verified Transfer v10 package,no,PASS
06-PDPOne-Asset-Inventory.md,bbd6a6241c81eaca6773c072f47cc6dc4a6b471196ca47d7aefa31c17a1becce,2012,complete,yes,yes,yes,root,Read/Audited + knowledge extracted/linked; original remains in verified Transfer v10 package,no,PASS
09-PDPOne-Issues-And-Lessons.md,47f8cab56ec5ae766daf04ca82403609acaff937d114b3cdbfed36eba87b9c17,2281,complete,yes,yes,yes,root,Read/Audited + knowledge extracted/linked; original remains in verified Transfer v10 package,no,PASS
10-PDPOne-Backlog-And-Roadmap.md,f71865ef22f543ffc7c0c25396a9f01b706182361b14ddf823132cceb451ecb7,1478,complete,yes,yes,yes,root,Read/Audited + knowledge extracted/linked; original remains in verified Transfer v10 package,no,PASS
11-PDPOne-Recovery-And-Restart-Guide.md,01d9c5a36006cbca6bf432bbcf22b3fe497ef91acbf0f542e2b55430306eeff2,1458,complete,yes,yes,yes,root,Read/Audited + knowledge extracted/linked; original remains in verified Transfer v10 package,no,PASS
13-PDPOne-New-Chat-Master-Prompt.md,c472c3a387016eeb44fe8860d0440902a8744331424ec7893a11d35982ba2e56,2087,complete,yes,yes,yes,root,Read/Audited + knowledge extracted/linked; original remains in verified Transfer v10 package,no,PASS
14-PDPOne-Complete-Project-Dossier.md,1ee729bb74f58bf52893becf1b1ee8074d419cc665f00f2d2fcc1d2feffd4c1b,4409,complete,yes,yes,yes,root,Read/Audited + knowledge extracted/linked; original remains in verified Transfer v10 package,no,PASS
15-PDPOne-Conversation-Chronology.md,f900abbd9f3b180bdbbbae1733692382e37fe33fcd20599ef695e39b41aef38c,1321,complete,yes,yes,yes,root,Read/Audited + knowledge extracted/linked; original remains in verified Transfer v10 package,no,PASS
17-PDPOne-Backup-And-Restore.md,389c5dc86c4e9d23416e5574e48611954c9044af32a4dbd7346a1feb72974894,1669,complete,yes,yes,yes,root,Read/Audited + knowledge extracted/linked; original remains in verified Transfer v10 package,no,PASS
19-PDPOne-Verification-And-Test-Report.md,9e4f19f044051c766c465cf846076ebc052d4671395d2cd55704113ebe05ddcb,1459,complete,yes,yes,yes,root,Read/Audited + knowledge extracted/linked; original remains in verified Transfer v10 package,no,PASS
20-PDPOne-Conversation-Evidence-Index.md,590a79cb78be01c739d3ec523e5e2a7f1642f688a0ff2094d84b6eea7797e975,2728,complete,yes,yes,yes,root,Read/Audited + knowledge extracted/linked; original remains in verified Transfer v10 package,no,PASS
21-PDPOne-Open-Questions-And-Unverified-Items.md,109c12ef7d50a59400a4411fb55ccd075a04df8e68bc9f9a9e2dca338db655d7,1815,complete,yes,yes,yes,root,Read/Audited + knowledge extracted/linked; original remains in verified Transfer v10 package,no,PASS
22-PDPOne-Immediate-Next-Actions.md,ab28806b1d282775059e6817d4e86797e0c00bd1b4e0743fa4a91fe03f3c3938,1243,complete,yes,yes,yes,root,Read/Audited + knowledge extracted/linked; original remains in verified Transfer v10 package,no,PASS
33-PDPOne-Procurement-Current-State.md,5a92d529f17184ab4ebc3e60d1cca978feb2de1859beab3c5141652aaa78c30d,1694,complete,yes,yes,yes,root,Read/Audited + knowledge extracted/linked; original remains in verified Transfer v10 package,no,PASS
35-PDPOne-Connector-Registry-And-Test-Matrix.md,88eb31ca5a82ba89554a524aebf12626537830c51902249c403a3e00944fbcb1,1594,complete,yes,yes,yes,root,Read/Audited + knowledge extracted/linked; original remains in verified Transfer v10 package,no,PASS
38-PDPOne-Deployment-Gates-And-Release-History.md,c322116d39fa865ab80abedd03263e194a0758e48b6184cf0e6c906c85daed1c,2212,complete,yes,yes,yes,root,Read/Audited + knowledge extracted/linked; original remains in verified Transfer v10 package,no,PASS
39-PDPOne-GitHub-Branches-PRs-Commits-And-Artifacts.md,a7e0b3e62c7d0cd91266f63a85b47ea1f6779ed2c2242e9acefdd9a78e13791e,1835,complete,yes,yes,yes,root,Read/Audited + knowledge extracted/linked; original remains in verified Transfer v10 package,no,PASS
42-PDPOne-Contradiction-And-Supersession-Register.md,34901981acac8b70ee7f3f24590733ff1edbba743e65556c343d489434f3db53,1592,complete,yes,yes,yes,root,Read/Audited + knowledge extracted/linked; original remains in verified Transfer v10 package,no,PASS
43-PDPOne-Transfer-Package-QA-Report.md,e993da9e0e5f80a4246054d0f0c245fdfcd66ce18fd03bcf4e97f492079ae61b,1495,complete,yes,yes,yes,root,Read/Audited + knowledge extracted/linked; original remains in verified Transfer v10 package,no,PASS
44-PDPOne-Release-v1.1.0-trial-Baseline.md,7801456e045d5ea3a68467d315290708c59e07711c53fab1555ba0ef430952e2,1072,complete,yes,yes,yes,root,Read/Audited + knowledge extracted/linked; original remains in verified Transfer v10 package,no,PASS
45-PDPOne-V25-Operational-Baseline.md,da1a13a4d8627305904098d49ee8fe6d577c520c656cfff4738ba35459e93dba,1309,complete,yes,yes,yes,root,Read/Audited + knowledge extracted/linked; original remains in verified Transfer v10 package,no,PASS
access-matrix.csv,8ac9fd7467702ae8b6a060665fc3c8265611374c2b2c959744ec0a6b12db392c,901,complete,yes,yes,yes,root,Read/Audited + knowledge extracted/linked; original remains in verified Transfer v10 package,no,PASS
assets-manifest.csv,b66d7ee5817bc56aa82767708931011e842233e7173265927a6c75915f16c9a9,2493,complete,yes,yes,yes,root,Read/Audited + knowledge extracted/linked; original remains in verified Transfer v10 package,no,PASS
attachments/11_KEYWORD_POLICY_AND_LISTS.md,5bde353ad903cfb12618220c932d9d1fac31de93948115f1c7ddf432f9732da5,16580,complete,yes,yes,yes,attachments,Read/Audited + knowledge extracted/linked; original remains in verified Transfer v10 package,no,PASS
attachments/PDP-G-14-company-resume.pdf,2a8fe53332602c8f1dbf36abfb1abf2e5de79a7a91ed48b6722ec3b9ee527c93,10819491,partial-visual+full-text-extraction,yes,yes,yes,attachments,Manifested External Source + derived text/index; binary source not embedded in repository bootstrap,no,PASS
attachments/PDP-One-Hotfix-Handoff-To-Procurement-Branch-2026-07-22.md,b9e0a5fedc4156852d1e2260b8da7d9ebb0429faf89c13c3da7e1325177899ac,13897,complete,yes,yes,yes,attachments,Read/Audited + knowledge extracted/linked; original remains in verified Transfer v10 package,no,PASS
attachments/PDPOne-14050426-01-historical-restart-guide.txt,edd23cfff0fff7190467e8f98c8c9ec6725ed087b39aa73761faa3f13cdbd1ad,1446,complete,yes,yes,yes,attachments,Read/Audited + knowledge extracted/linked; original remains in verified Transfer v10 package,no,PASS
attachments/PDPOne-Master-Design-And-Implementation-Prompt.txt,f87c0a9503fed3ca7f4625ffb49d73b36decd247bebd8a41d5fe9257c5a0b565,64516,complete,yes,yes,yes,attachments,Read/Audited + knowledge extracted/linked; original remains in verified Transfer v10 package,no,PASS
attachments/PDPOne-Transfer-Prompt-Fast-Original-Core-v4.0.txt,41f0134b608604a0a5190ddf43c86a613b5deb46f902177db236537810c54351,37181,complete,yes,yes,yes,attachments,Read/Audited + knowledge extracted/linked; original remains in verified Transfer v10 package,no,PASS
attachments/README.md,4b992f3a287eaefc86907ed08df2507aff45fad40816568d0e5cfe3823875735,493,complete,yes,yes,yes,attachments,Read/Audited + knowledge extracted/linked; original remains in verified Transfer v10 package,no,PASS
backup-and-restore/PDP-ONE-PORTABLE-BACKUP-REPORT.json,12d836a2091bed656a78f262cc883cd09d28236fb64a351f0c5c6e28af163b6c,785,complete,yes,yes,yes,backup-and-restore,Read/Audited + knowledge extracted/linked; original remains in verified Transfer v10 package,no,PASS
backup-and-restore/README.md,b793fd248779f9816c3c7e03c82292416d41e9ebfe04ba7c5afdc2a74d6fa840,414,complete,yes,yes,yes,backup-and-restore,Read/Audited + knowledge extracted/linked; original remains in verified Transfer v10 package,no,PASS
backup-register.csv,a4227300aa7e05f7585aafdd43db0f125fe348e2affa227a3fa1300d08746768,497,complete,yes,yes,yes,root,Read/Audited + knowledge extracted/linked; original remains in verified Transfer v10 package,no,PASS
connector-register.csv,c518a2bb27cdcaaa10626778af0a85150b98391ce74a58b8d7a32219ff3c5350,947,complete,yes,yes,yes,root,Read/Audited + knowledge extracted/linked; original remains in verified Transfer v10 package,no,PASS
control/PDPOne-Transfer-Progress.json,7965a144a2b88bb4f80c936a80bfb331dd93061af93695c6c218faacddab134d,4138,complete,yes,yes,yes,control,Read/Audited + knowledge extracted/linked; original remains in verified Transfer v10 package,no,PASS
control/PDPOne-Transfer-Resume-State.json,23902cb4798da57821c255676861284a67849c4505af76f82f94cce9f8e9e7ac,224,complete,yes,yes,yes,control,Read/Audited + knowledge extracted/linked; original remains in verified Transfer v10 package,no,PASS
control/PDPOne-Transfer-Source-Ledger.json,e66eef4aa973168bc227710ad210a3905ce4d4818a56fcde3564f286d1d66630,1003,complete,yes,yes,yes,control,Read/Audited + knowledge extracted/linked; original remains in verified Transfer v10 package,no,PASS
decision-register.csv,ad83b7e44757cf5649207da7a4fe5381e7af4335b10885c1359d60bb20160a65,2047,complete,yes,yes,yes,root,Read/Audited + knowledge extracted/linked; original remains in verified Transfer v10 package,no,PASS
deployment-register.csv,e8be8c0ff031d57cf276bdaa6d063e9fc303fec585db04e3a80d7c0e7bae93eb,1236,complete,yes,yes,yes,root,Read/Audited + knowledge extracted/linked; original remains in verified Transfer v10 package,no,PASS
deployment/PDP-ONE-AGENT-BOOTSTRAP-REPORT.json,e35448999532138ce478b781681badf20bf0886d1c03a6724bd7c4355983cc99,1201,complete,yes,yes,yes,deployment,Read/Audited + knowledge extracted/linked; original remains in verified Transfer v10 package,no,PASS
deployment/README.md,50a1205b3b15d72c94170ca74d5dc4418d00ce600dcfdea3eff0953f5f2db506,463,complete,yes,yes,yes,deployment,Read/Audited + knowledge extracted/linked; original remains in verified Transfer v10 package,no,PASS
deployment/agent-status.json,20807bbc4449f99f2b2b1deeafce9babb63e4f5eb87928b477c79e0fe46152d2,231,complete,yes,yes,yes,deployment,Read/Audited + knowledge extracted/linked; original remains in verified Transfer v10 package,no,PASS
deployment/live-system-status.json,2d3f570c44699e5a34913468f87850fb3ec5e7d7710849ef27c10a79d5c2f088,479,complete,yes,yes,yes,deployment,Read/Audited + knowledge extracted/linked; original remains in verified Transfer v10 package,no,PASS
deployment/procurement-v22-session-poll-27d1a611-20260724.json,8b1a43b050fc8d5607887ddbc11efd771afb6fc669ff1879db7ba11ddf33f05d,695,complete,yes,yes,yes,deployment,Read/Audited + knowledge extracted/linked; original remains in verified Transfer v10 package,no,PASS
diagnostics/PDP-ONE-API-ROUTE-DIAGNOSTICS-sanitized.txt,8b1bd921793378ce159338752b75f1da76032a62c8952fa4a9bd1c5195658f71,13258,complete,yes,yes,yes,diagnostics,Read/Audited + knowledge extracted/linked; original remains in verified Transfer v10 package,no,PASS
diagnostics/PDP-ONE-DOCKER-CLEANUP-REPORT.txt,cb35d454441aac036308cd609e270d2442ed68449cca1cdac723767e8858f042,16217,complete,yes,yes,yes,diagnostics,Read/Audited + knowledge extracted/linked; original remains in verified Transfer v10 package,no,PASS
diagnostics/PDP-ONE-V18-DIAGNOSTICS-sanitized.txt,2fa3ce2491e165a19acf16ecf90c5b3829496f346490d1f34ca9133bf6d69a3f,144919,complete,yes,yes,yes,diagnostics,Read/Audited + knowledge extracted/linked; original remains in verified Transfer v10 package,no,PASS
diagnostics/PDP-ONE-V22-LAST-DIAGNOSTICS-sanitized.txt,67d30d0046840a8865fd061a5d6e170c2e16176502af8cdfe2ec61bf5527449c,72861,complete,yes,yes,yes,diagnostics,Read/Audited + knowledge extracted/linked; original remains in verified Transfer v10 package,no,PASS
diagnostics/PDP-ONE-V23-INSTALL-VERIFICATION-sanitized.txt,67616e56a4812947eaa2ed6f7cea01c22e170a0b0ccd27529e6c760e1af3a14c,8236,complete,yes,yes,yes,diagnostics,Read/Audited + knowledge extracted/linked; original remains in verified Transfer v10 package,no,PASS
diagnostics/PDP-ONE-WSL-COMPACTION-REPORT.txt,1097d91dc4967dccfba85c07789b64c3bee9e77455fbb0d39aa432fa8e1d5013,11688,complete,yes,yes,yes,diagnostics,Read/Audited + knowledge extracted/linked; original remains in verified Transfer v10 package,no,PASS
diagnostics/README.md,fffb14f7cb05e0f48a62e597e764df6bbe5700b50d9c8922ef6bac4dd8a5788c,422,complete,yes,yes,yes,diagnostics,Read/Audited + knowledge extracted/linked; original remains in verified Transfer v10 package,no,PASS
evidence-register.csv,c60f1f0ec4559a13b57ece1620ff9b58049877137b2bfeaded5d2b9d0bf5ea6e,1776,complete,yes,yes,yes,root,Read/Audited + knowledge extracted/linked; original remains in verified Transfer v10 package,no,PASS
evidence/README.md,723209d7361e05115b6416089185055c2bc48883616bdf45f4436c5452a14682,359,complete,yes,yes,yes,evidence,Read/Audited + knowledge extracted/linked; original remains in verified Transfer v10 package,no,PASS
evidence/connector-acceptance-summary.json,be3975c6123e91654a458d12c636f0355b9e6952b20de2faa0755d5b2b4c9b76,2252,complete,yes,yes,yes,evidence,Read/Audited + knowledge extracted/linked; original remains in verified Transfer v10 package,no,PASS
file-checksums.sha256,7469928cdb91ee4a8d43fba331228faa1610548435bbfa6494a6a3a8249d3f9f,6988,complete,yes,yes,yes,root,Read/Audited + knowledge extracted/linked; original remains in verified Transfer v10 package,no,PASS
github-state.csv,a9e7199f4a7c24789f2ad3fa650db5d71c2ab052168eaad08573d3d41a8cef26,602,complete,yes,yes,yes,root,Read/Audited + knowledge extracted/linked; original remains in verified Transfer v10 package,no,PASS
github/README.md,e35896c76ecd48aa88fdbd5e97e03b01f721e9568552d85091e433c3194d6fb3,521,complete,yes,yes,yes,github,Read/Audited + knowledge extracted/linked; original remains in verified Transfer v10 package,no,PASS
github/live-github-snapshot.json,e2612fe706106937f07f0ca333c2f42a7e1a441dcf985d63bde6652c29e8466e,1439,complete,yes,yes,yes,github,Read/Audited + knowledge extracted/linked; original remains in verified Transfer v10 package,no,PASS
issues-register.csv,5d125be14df08f8375c5e8eda939a675da944131d957ffd4b7b2d2116fa0e5e7,1572,complete,yes,yes,yes,root,Read/Audited + knowledge extracted/linked; original remains in verified Transfer v10 package,no,PASS
project-state.json,be59ca547bb84ee19afb68d6548d2657b65ca8c811735dfb7aaf595cf492ed8b,5056,complete,yes,yes,yes,root,Read/Audited + knowledge extracted/linked; original remains in verified Transfer v10 package,no,PASS
qa-result.json,7d8f39c41b99f579d77f3a38948098cb3c9737c86a8552913617cf4fd300676e,321,complete,yes,yes,yes,root,Read/Audited + knowledge extracted/linked; original remains in verified Transfer v10 package,no,PASS
release/README.md,eca970294eb04bd57fc772dcc41553c90883ede03818061eae357625ca9f569d,376,complete,yes,yes,yes,release,Read/Audited + knowledge extracted/linked; original remains in verified Transfer v10 package,no,PASS
release/release-baseline.json,9ca15ab0f45d970982a2cdf43f18fd8315143157f8f4d85f84f4ef7f87c3c7a6,268,complete,yes,yes,yes,release,Read/Audited + knowledge extracted/linked; original remains in verified Transfer v10 package,no,PASS
transfer-manifest.json,d74778cbd6d9e3903cae49da4ebe1b0de71edd67996b670b19905cf95038565a,5264,complete,yes,yes,yes,root,Read/Audited + knowledge extracted/linked; original remains in verified Transfer v10 package,no,PASS
unverified-items.csv,ad21446ea2d014ca6d425c663dbc7967e85ddc803c81317dce53165367a7a6b9,1155,complete,yes,yes,yes,root,Read/Audited + knowledge extracted/linked; original remains in verified Transfer v10 package,no,PASS
